,501 Corporate Centre Dr,3000 Mallory Ln,2000 Mallory Ln,1110 Hillsboro Rd,1400 Liberty Pike,595 Hillsboro Rd,1201 Liberty Pike,2000 Meridian Blvd,1001 Lawson White Dr,1550 W McEwen Dr,9000 Church St E,330 Franklin Rd,1000 Rivergate Pkwy,1010 Murfreesboro Rd,201 Jordan Rd,1982 W McEwen Dr,1020 Del Rio Pike,1654 W McEwen Dr,430 Cool Springs Blvd,100 International Dr,1875 West McEwen Drive,1010 Little Barn Rd,6816 Nolensville Rd,8115 Moores Ln,1140 Columbia Ave,211 Franklin Rd,1096 Murfreesboro Rd,1986 W McEwen Dr
501 Corporate Centre Dr,0.0,1.1,0.8,4.8,0.9,6.6,1.0,1.3,3.8,1.3,8.8,9.4,31.1,7.0,2.0,1.6,5.8,1.6,0.5,0.9,1.3,12.5,9.2,8.7,6.7,4.3,6.7,1.6
3000 Mallory Ln,1.2,0.0,0.7,4.9,1.0,5.2,1.1,0.6,3.9,1.4,7.7,8.2,30.0,7.3,1.3,1.6,5.8,1.7,0.7,1.2,1.4,12.6,8.0,7.6,5.3,4.3,7.0,1.7
2000 Mallory Ln,0.9,0.7,0.0,6.4,0.9,6.3,1.0,0.5,3.8,1.3,7.6,8.1,29.8,6.7,1.2,1.6,5.8,1.6,0.5,0.6,1.3,12.5,7.9,7.4,6.4,4.3,6.4,1.6
1110 Hillsboro Rd,4.8,4.9,4.8,0.0,4.1,0.9,4.2,5.2,1.5,3.8,13.0,13.5,35.3,2.2,7.4,3.7,5.1,4.1,4.3,6.5,3.8,11.8,13.3,12.9,1.1,0.5,2.0,3.8
1400 Liberty Pike,1.0,1.0,0.9,4.1,0.0,4.4,0.3,1.3,3.2,0.7,8.4,8.9,30.7,5.8,2.0,0.9,5.1,0.9,0.5,1.2,0.7,11.8,8.7,8.3,4.5,3.6,5.5,0.9
595 Hillsboro Rd,5.2,5.2,6.9,0.9,4.4,0.0,4.5,7.2,1.9,4.1,13.0,13.5,35.2,1.3,7.3,4.0,5.5,4.4,4.6,6.5,4.1,12.2,13.3,12.8,0.3,0.9,1.1,4.1
1201 Liberty Pike,1.1,1.1,1.0,4.2,0.3,4.5,0.0,1.4,3.2,0.7,8.5,9.0,30.7,5.6,2.1,1.0,5.2,1.0,0.5,1.3,0.7,11.9,8.8,8.3,4.6,3.7,5.3,1.0
2000 Meridian Blvd,1.3,0.6,0.5,6.8,1.4,6.7,1.4,0.0,4.2,1.8,7.5,8.0,29.7,7.1,1.1,2.0,6.5,2.0,1.0,1.0,1.7,13.2,7.8,7.3,6.8,6.3,6.7,2.0
1001 Lawson White Dr,3.9,3.9,3.8,1.5,3.2,1.9,3.2,4.2,0.0,2.9,12.9,13.4,35.2,3.0,4.7,2.8,6.2,3.1,3.3,3.5,2.9,12.9,13.2,12.8,2.0,1.0,2.8,2.8
1550 W McEwen Dr,1.4,1.4,1.4,3.8,0.7,4.2,0.8,1.8,2.9,0.0,8.7,9.2,30.9,5.3,2.3,0.6,4.8,0.3,0.9,1.7,0.1,11.5,9.0,8.5,4.3,3.3,5.1,0.7
9000 Church St E,8.7,7.4,7.3,13.1,8.1,13.0,8.2,6.9,12.9,8.3,0.0,1.6,23.4,13.4,6.3,8.6,12.1,8.6,8.5,8.0,8.3,9.1,3.4,2.5,13.1,12.6,13.1,8.6
330 Franklin Rd,8.4,7.2,7.0,12.9,7.9,12.7,7.9,6.6,12.7,8.1,1.4,0.0,23.7,13.1,6.1,8.3,11.8,8.3,8.3,7.7,8.1,8.8,2.6,1.4,12.8,12.4,12.8,8.4
1000 Rivergate Pkwy,31.0,29.7,29.5,35.4,30.4,35.3,30.5,29.1,35.2,30.6,24.2,23.9,0.0,35.7,28.6,30.8,34.4,30.9,30.8,30.2,30.6,31.1,26.0,24.8,35.4,34.9,35.3,30.9
1010 Murfreesboro Rd,7.6,8.8,7.3,2.3,5.6,1.3,5.6,7.6,3.0,5.3,13.4,13.9,35.6,0.0,7.7,5.2,6.6,5.5,7.5,6.9,5.3,13.3,13.7,13.2,1.0,2.0,0.3,5.2
201 Jordan Rd,2.4,2.7,2.1,6.9,2.7,6.7,2.8,2.5,6.7,3.1,9.2,9.8,31.5,7.1,0.0,3.3,7.5,3.4,2.3,1.7,3.1,14.3,9.6,9.1,6.8,6.4,6.8,3.4
1982 W McEwen Dr,1.6,1.6,1.6,3.7,0.9,4.0,1.0,2.0,2.8,0.6,8.8,9.4,31.1,5.2,2.5,0.0,4.7,0.9,1.1,1.9,0.6,11.4,9.2,8.7,4.2,3.2,5.0,0.1
1020 Del Rio Pike,5.8,5.9,5.8,5.0,5.1,5.4,5.2,6.5,6.3,4.8,12.4,11.0,34.7,6.5,6.0,4.7,0.0,5.1,5.3,6.1,4.8,8.1,11.6,11.9,5.5,4.8,6.3,4.8
1654 W McEwen Dr,1.7,1.7,1.6,4.1,1.0,4.4,1.0,2.0,3.1,0.3,8.9,9.4,31.2,5.6,2.5,0.9,5.1,0.0,1.1,1.9,0.3,11.8,9.2,8.8,4.5,3.6,5.4,0.9
430 Cool Springs Blvd,0.5,0.7,0.5,4.3,0.5,4.6,0.5,1.0,3.3,0.9,8.7,9.3,31.0,6.9,1.6,1.1,5.3,1.1,0.0,0.8,0.8,12.0,9.1,8.6,4.7,3.8,6.5,1.1
100 International Dr,1.0,1.3,0.7,5.8,1.3,5.7,1.3,1.0,3.2,1.7,7.9,8.5,30.2,6.1,2.3,1.9,6.1,2.0,0.9,0.0,1.7,12.8,8.3,7.8,5.8,5.3,5.8,2.0
1875 West McEwen Drive,1.3,1.4,1.3,3.8,0.6,4.1,0.7,1.7,2.8,0.1,8.6,9.1,30.9,5.2,2.2,0.6,4.8,0.3,0.8,1.6,0.0,11.5,8.9,8.5,4.2,3.2,5.0,0.6
1010 Little Barn Rd,12.5,12.5,12.5,11.8,11.8,12.2,11.9,14.3,12.9,11.5,9.2,8.8,31.6,13.3,13.8,11.4,8.1,11.8,12.0,15.4,11.5,0.0,10.9,9.8,12.3,11.6,13.1,11.5
6816 Nolensville Rd,10.5,9.2,9.1,14.9,9.9,14.8,10.0,8.7,14.7,10.1,3.4,2.6,25.8,15.2,8.1,10.4,13.9,10.4,10.3,9.8,10.1,10.9,0.0,2.1,14.9,14.5,14.9,10.4
8115 Moores Ln,9.3,8.1,7.9,13.8,8.8,13.7,8.9,7.5,13.6,9.0,2.4,1.4,24.7,14.1,7.0,9.2,12.8,9.3,9.2,8.6,9.0,9.8,2.1,0.0,13.8,13.3,13.7,9.3
1140 Columbia Ave,5.3,5.3,7.0,1.3,4.5,0.3,4.6,7.4,2.0,4.3,13.1,13.6,35.3,1.0,7.4,4.2,5.6,4.5,4.7,6.6,4.2,12.3,13.4,12.9,0.0,1.0,0.8,4.2
211 Franklin Rd,4.3,4.3,4.3,0.5,3.6,0.9,3.7,4.7,1.0,3.3,12.6,13.1,34.9,2.0,6.9,3.2,4.8,3.5,3.8,6.1,3.3,11.5,12.9,12.5,1.0,0.0,1.8,3.2
1096 Murfreesboro Rd,7.3,8.5,7.0,2.1,5.4,1.1,5.3,7.3,2.8,5.1,13.0,13.6,35.3,0.3,7.4,5.0,6.4,5.3,7.1,6.6,5.1,13.1,13.4,12.9,0.8,1.8,0.0,5.0
1986 W McEwen Dr,1.7,1.7,1.6,3.8,0.9,4.1,1.0,2.0,2.8,0.7,8.9,9.4,31.2,5.2,2.5,0.1,4.8,0.9,1.1,1.9,0.6,11.5,9.2,8.8,4.2,3.2,5.0,0.0
